file_name;key_repr
xortool_out/000.out;b'\xde}'
xortool_out/001.out;b'\xdf|'
xortool_out/002.out;b'\xdc\x7f'
xortool_out/003.out;b'\xdd~'
xortool_out/004.out;b'\xday'
xortool_out/005.out;b'\xdbx'
xortool_out/006.out;b'\xd8{'
xortool_out/007.out;b'\xd9z'
xortool_out/008.out;b'\xd6u'
xortool_out/009.out;b'\xd7t'
xortool_out/010.out;b'\xd4w'
xortool_out/011.out;b'\xd5v'
xortool_out/012.out;b'\xd2q'
xortool_out/013.out;b'\xd3p'
xortool_out/014.out;b'\xd0s'
xortool_out/015.out;b'\xd1r'
xortool_out/016.out;b'\xcem'
xortool_out/017.out;b'\xcfl'
xortool_out/018.out;b'\xcco'
xortool_out/019.out;b'\xcdn'
xortool_out/020.out;b'\xcai'
xortool_out/021.out;b'\xcbh'
xortool_out/022.out;b'\xc8k'
xortool_out/023.out;b'\xc9j'
xortool_out/024.out;b'\xc6e'
xortool_out/025.out;b'\xc7d'
xortool_out/026.out;b'\xc4g'
xortool_out/027.out;b'\xc5f'
xortool_out/028.out;b'\xc2a'
xortool_out/029.out;b'\xc3`'
xortool_out/030.out;b'\xc0c'
xortool_out/031.out;b'\xc1b'
xortool_out/032.out;b'\xfe]'
xortool_out/033.out;b'\xff\\'
xortool_out/034.out;b'\xfc_'
xortool_out/035.out;b'\xfd^'
xortool_out/036.out;b'\xfaY'
xortool_out/037.out;b'\xfbX'
xortool_out/038.out;b'\xf8['
xortool_out/039.out;b'\xf9Z'
xortool_out/040.out;b'\xf6U'
xortool_out/041.out;b'\xf7T'
xortool_out/042.out;b'\xf4W'
xortool_out/043.out;b'\xf5V'
xortool_out/044.out;b'\xf2Q'
xortool_out/045.out;b'\xf3P'
xortool_out/046.out;b'\xf0S'
xortool_out/047.out;b'\xf1R'
xortool_out/048.out;b'\xeeM'
xortool_out/049.out;b'\xefL'
xortool_out/050.out;b'\xecO'
xortool_out/051.out;b'\xedN'
xortool_out/052.out;b'\xeaI'
xortool_out/053.out;b'\xebH'
xortool_out/054.out;b'\xe8K'
xortool_out/055.out;b'\xe9J'
xortool_out/056.out;b'\xe6E'
xortool_out/057.out;b'\xe7D'
xortool_out/058.out;b'\xe4G'
xortool_out/059.out;b'\xe5F'
xortool_out/060.out;b'\xe2A'
xortool_out/061.out;b'\xe3@'
xortool_out/062.out;b'\xe0C'
xortool_out/063.out;b'\xe1B'
xortool_out/064.out;b'\x9e='
xortool_out/065.out;b'\x9f<'
xortool_out/066.out;b'\x9c?'
xortool_out/067.out;b'\x9d>'
xortool_out/068.out;b'\x9a9'
xortool_out/069.out;b'\x9b8'
xortool_out/070.out;b'\x98;'
xortool_out/071.out;b'\x99:'
xortool_out/072.out;b'\x965'
xortool_out/073.out;b'\x974'
xortool_out/074.out;b'\x947'
xortool_out/075.out;b'\x956'
xortool_out/076.out;b'\x921'
xortool_out/077.out;b'\x930'
xortool_out/078.out;b'\x903'
xortool_out/079.out;b'\x912'
xortool_out/080.out;b'\x8e-'
xortool_out/081.out;b'\x8f,'
xortool_out/082.out;b'\x8c/'
xortool_out/083.out;b'\x8d.'
xortool_out/084.out;b'\x8a)'
xortool_out/085.out;b'\x8b('
xortool_out/086.out;b'\x88+'
xortool_out/087.out;b'\x89*'
xortool_out/088.out;b'\x86%'
xortool_out/089.out;b'\x87$'
xortool_out/090.out;b"\x84'"
xortool_out/091.out;b'\x85&'
xortool_out/092.out;b'\x82!'
xortool_out/093.out;b'\x83 '
xortool_out/094.out;b'\x80#'
xortool_out/095.out;b'\x81"'
xortool_out/096.out;b'\xbe\x1d'
xortool_out/097.out;b'\xbf\x1c'
xortool_out/098.out;b'\xbc\x1f'
xortool_out/099.out;b'\xbd\x1e'
xortool_out/100.out;b'\xba\x19'
xortool_out/101.out;b'\xbb\x18'
xortool_out/102.out;b'\xb8\x1b'
xortool_out/103.out;b'\xb9\x1a'
xortool_out/104.out;b'\xb6\x15'
xortool_out/105.out;b'\xb7\x14'
xortool_out/106.out;b'\xb4\x17'
xortool_out/107.out;b'\xb5\x16'
xortool_out/108.out;b'\xb2\x11'
xortool_out/109.out;b'\xb3\x10'
xortool_out/110.out;b'\xb0\x13'
xortool_out/111.out;b'\xb1\x12'
xortool_out/112.out;b'\xae\r'
xortool_out/113.out;b'\xaf\x0c'
xortool_out/114.out;b'\xac\x0f'
xortool_out/115.out;b'\xad\x0e'
xortool_out/116.out;b'\xaa\t'
xortool_out/117.out;b'\xab\x08'
xortool_out/118.out;b'\xa8\x0b'
xortool_out/119.out;b'\xa9\n'
xortool_out/120.out;b'\xa6\x05'
xortool_out/121.out;b'\xa7\x04'
xortool_out/122.out;b'\xa4\x07'
xortool_out/123.out;b'\xa5\x06'
xortool_out/124.out;b'\xa2\x01'
xortool_out/125.out;b'\xa3\x00'
xortool_out/126.out;b'\xa0\x03'
xortool_out/127.out;b'\xa1\x02'
xortool_out/128.out;b'^\xfd'
xortool_out/129.out;b'_\xfc'
xortool_out/130.out;b'\\\xff'
xortool_out/131.out;b']\xfe'
xortool_out/132.out;b'Z\xf9'
xortool_out/133.out;b'[\xf8'
xortool_out/134.out;b'X\xfb'
xortool_out/135.out;b'Y\xfa'
xortool_out/136.out;b'V\xf5'
xortool_out/137.out;b'W\xf4'
xortool_out/138.out;b'T\xf7'
xortool_out/139.out;b'U\xf6'
xortool_out/140.out;b'R\xf1'
xortool_out/141.out;b'S\xf0'
xortool_out/142.out;b'P\xf3'
xortool_out/143.out;b'Q\xf2'
xortool_out/144.out;b'N\xed'
xortool_out/145.out;b'O\xec'
xortool_out/146.out;b'L\xef'
xortool_out/147.out;b'M\xee'
xortool_out/148.out;b'J\xe9'
xortool_out/149.out;b'K\xe8'
xortool_out/150.out;b'H\xeb'
xortool_out/151.out;b'I\xea'
xortool_out/152.out;b'F\xe5'
xortool_out/153.out;b'G\xe4'
xortool_out/154.out;b'D\xe7'
xortool_out/155.out;b'E\xe6'
xortool_out/156.out;b'B\xe1'
xortool_out/157.out;b'C\xe0'
xortool_out/158.out;b'@\xe3'
xortool_out/159.out;b'A\xe2'
xortool_out/160.out;b'~\xdd'
xortool_out/161.out;b'\x7f\xdc'
xortool_out/162.out;b'|\xdf'
xortool_out/163.out;b'}\xde'
xortool_out/164.out;b'z\xd9'
xortool_out/165.out;b'{\xd8'
xortool_out/166.out;b'x\xdb'
xortool_out/167.out;b'y\xda'
xortool_out/168.out;b'v\xd5'
xortool_out/169.out;b'w\xd4'
xortool_out/170.out;b't\xd7'
xortool_out/171.out;b'u\xd6'
xortool_out/172.out;b'r\xd1'
xortool_out/173.out;b's\xd0'
xortool_out/174.out;b'p\xd3'
xortool_out/175.out;b'q\xd2'
xortool_out/176.out;b'n\xcd'
xortool_out/177.out;b'o\xcc'
xortool_out/178.out;b'l\xcf'
xortool_out/179.out;b'm\xce'
xortool_out/180.out;b'j\xc9'
xortool_out/181.out;b'k\xc8'
xortool_out/182.out;b'h\xcb'
xortool_out/183.out;b'i\xca'
xortool_out/184.out;b'f\xc5'
xortool_out/185.out;b'g\xc4'
xortool_out/186.out;b'd\xc7'
xortool_out/187.out;b'e\xc6'
xortool_out/188.out;b'b\xc1'
xortool_out/189.out;b'c\xc0'
xortool_out/190.out;b'`\xc3'
xortool_out/191.out;b'a\xc2'
xortool_out/192.out;b'\x1e\xbd'
xortool_out/193.out;b'\x1f\xbc'
xortool_out/194.out;b'\x1c\xbf'
xortool_out/195.out;b'\x1d\xbe'
xortool_out/196.out;b'\x1a\xb9'
xortool_out/197.out;b'\x1b\xb8'
xortool_out/198.out;b'\x18\xbb'
xortool_out/199.out;b'\x19\xba'
xortool_out/200.out;b'\x16\xb5'
xortool_out/201.out;b'\x17\xb4'
xortool_out/202.out;b'\x14\xb7'
xortool_out/203.out;b'\x15\xb6'
xortool_out/204.out;b'\x12\xb1'
xortool_out/205.out;b'\x13\xb0'
xortool_out/206.out;b'\x10\xb3'
xortool_out/207.out;b'\x11\xb2'
xortool_out/208.out;b'\x0e\xad'
xortool_out/209.out;b'\x0f\xac'
xortool_out/210.out;b'\x0c\xaf'
xortool_out/211.out;b'\r\xae'
xortool_out/212.out;b'\n\xa9'
xortool_out/213.out;b'\x0b\xa8'
xortool_out/214.out;b'\x08\xab'
xortool_out/215.out;b'\t\xaa'
xortool_out/216.out;b'\x06\xa5'
xortool_out/217.out;b'\x07\xa4'
xortool_out/218.out;b'\x04\xa7'
xortool_out/219.out;b'\x05\xa6'
xortool_out/220.out;b'\x02\xa1'
xortool_out/221.out;b'\x03\xa0'
xortool_out/222.out;b'\x00\xa3'
xortool_out/223.out;b'\x01\xa2'
xortool_out/224.out;b'>\x9d'
xortool_out/225.out;b'?\x9c'
xortool_out/226.out;b'<\x9f'
xortool_out/227.out;b'=\x9e'
xortool_out/228.out;b':\x99'
xortool_out/229.out;b';\x98'
xortool_out/230.out;b'8\x9b'
xortool_out/231.out;b'9\x9a'
xortool_out/232.out;b'6\x95'
xortool_out/233.out;b'7\x94'
xortool_out/234.out;b'4\x97'
xortool_out/235.out;b'5\x96'
xortool_out/236.out;b'2\x91'
xortool_out/237.out;b'3\x90'
xortool_out/238.out;b'0\x93'
xortool_out/239.out;b'1\x92'
xortool_out/240.out;b'.\x8d'
xortool_out/241.out;b'/\x8c'
xortool_out/242.out;b',\x8f'
xortool_out/243.out;b'-\x8e'
xortool_out/244.out;b'*\x89'
xortool_out/245.out;b'+\x88'
xortool_out/246.out;b'(\x8b'
xortool_out/247.out;b')\x8a'
xortool_out/248.out;b'&\x85'
xortool_out/249.out;b"'\x84"
xortool_out/250.out;b'$\x87'
xortool_out/251.out;b'%\x86'
xortool_out/252.out;b'"\x81'
xortool_out/253.out;b'#\x80'
xortool_out/254.out;b' \x83'
xortool_out/255.out;b'!\x82'
